Food Item,Jan-17,Feb-17,Mar-17,Apr-17,May-17,Jun-17,Jul-17,Aug-17,Sep-17,Oct-17,Nov-17,Dec-17,Jan-18,Feb-18,Mar-18,Apr-18,May-18,Jun-18,Jul-18,Aug-18,Sep-18,Oct-18,Nov-18,Dec-18,Jan-19,Feb-19,Mar-19,Apr-19,May-19,Jun-19,Jul-19,Aug-19,Sep-19,Oct-19,Nov-19,Dec-19,Jan-20,Feb-20,Mar-20,Apr-20,May-20,Jun-20,Jul-20,Aug-20,Sep-20,Oct-20,Nov-20,Dec-20,Jan-21,Feb-21,Mar-21,Apr-21,May-21,Jun-21,Jul-21,Aug-21,Sep-21,Oct-21,Nov-21,Dec-21,Jan-22,Feb-22,Mar-31,Apr-30,May-31,June-30
Agric eggs medium size,₦512.99,₦520.16,₦507.69,₦518.66,₦522.71,₦514.66,₦498.50,₦485.19,₦487.51,₦472.85,₦463.11,₦494.43,₦437.13,₦519.07,₦527.32,₦552.09,₦548.66,₦539.75,₦471.75,₦474.13,₦472.73,₦482.90,₦477.76,₦466.97,₦469.86,₦464.27,₦459.81,₦467.18,₦464.87,₦495.33,₦468.31,₦461.89,₦456.81,₦462.46,₦463.91,₦457.80,₦454.17,₦448.26,₦461.15,₦476.72,₦462.46,₦472.83,₦474.12,₦478.97,₦480.76,₦487.81,₦494.72,₦499.55,₦510.84,₦518.30,₦524.47,₦530.40,₦541.53,₦556.47,₦577.55,₦585.64,₦604.99,₦614.89,₦629.82,₦635.16,₦644.33,₦654.90,₦668.96,₦678.91,₦689.61,₦704.19
Agric eggs(medium size price of one),₦47.42,₦42.90,₦43.93,₦46.22,₦45.73,₦45.28,₦44.32,₦42.92,₦45.72,₦42.06,₦40.82,₦41.32,₦38.85,₦41.27,₦41.21,₦42.25,₦41.77,₦41.38,₦41.22,₦41.79,₦41.17,₦41.73,₦42.40,₦42.58,₦42.18,₦42.23,₦41.92,₦41.95,₦42.82,₦39.31,₦38.38,₦40.57,₦41.30,₦40.51,₦41.18,₦40.72,₦40.17,₦39.29,₦39.90,₦41.54,₦40.84,₦42.18,₦42.45,₦42.78,₦42.90,₦43.72,₦44.75,₦45.40,₦46.21,₦47.35,₦48.43,₦49.14,₦49.99,₦51.22,₦52.73,₦53.20,₦54.62,₦55.49,₦57.35,₦57.82,₦58.28,₦59.82,₦61.58,₦64.00,₦65.65,₦68.56
"Beans brown,sold loose",₦353.60,₦337.11,₦353.28,₦357.19,₦365.86,₦374.26,₦382.35,₦370.25,₦404.84,₦382.58,₦369.78,₦361.97,₦385.53,₦387.48,₦395.34,₦395.19,₦407.73,₦418.78,₦411.02,₦410.16,₦416.07,₦411.05,₦396.73,₦386.78,₦382.76,₦373.91,₦368.07,₦372.84,₦365.32,₦342.82,₦327.18,₦307.27,₦318.99,₦308.93,₦307.30,₦299.48,₦285.61,₦276.30,₦267.81,₦277.05,₦277.49,₦289.89,₦300.26,₦305.43,₦312.66,₦326.88,₦334.66,₦336.24,₦337.09,₦351.68,₦368.98,₦378.82,₦439.22,₦471.24,₦485.44,₦496.03,₦492.13,₦478.76,₦490.19,₦494.83,₦498.85,₦509.65,₦530.10,₦530.62,₦536.91,₦551.40
Beans:white black eye. sold loose,₦305.53,₦309.85,₦318.45,₦324.04,₦332.28,₦339.64,₦343.96,₦335.71,₦358.13,₦342.05,₦337.09,₦314.93,₦344.52,₦348.55,₦357.04,₦355.32,₦367.23,₦369.43,₦361.33,₦361.68,₦362.71,₦354.22,₦346.41,₦344.72,₦336.72,₦338.05,₦330.76,₦329.45,₦329.66,₦311.40,₦289.78,₦273.71,₦285.74,₦292.00,₦284.65,₦281.60,₦268.80,₦255.25,₦241.74,₦250.33,₦251.43,₦259.39,₦268.38,₦274.80,₦284.87,₦300.37,₦308.36,₦309.07,₦316.92,₦331.48,₦346.38,₦359.64,₦407.23,₦431.79,₦444.21,₦457.98,₦461.59,₦464.74,₦476.76,₦480.79,₦481.47,₦497.54,₦505.94,₦519.05,₦524.70,₦536.17
Beef Bone in,"₦1,001.24",₦995.65,"₦1,010.29","₦1,035.45","₦1,123.65","₦1,129.02","₦1,128.94","₦1,151.38","₦1,078.49","₦1,081.30","₦1,065.59","₦1,067.73","₦1,045.55","₦1,017.28","₦1,024.64",₦980.26,"₦1,011.11","₦1,034.57","₦1,028.12","₦1,061.78","₦1,027.66","₦1,003.35",₦998.67,₦997.73,₦994.20,₦980.54,₦980.12,"₦1,025.26","₦1,023.39","₦1,003.20","₦1,009.69","₦1,007.39","₦1,021.84","₦1,025.69","₦1,026.24","₦1,045.86","₦1,031.53","₦1,035.38","₦1,025.48","₦1,047.12","₦1,053.47","₦1,069.85","₦1,075.68","₦1,064.27","₦1,070.44","₦1,083.35","₦1,081.17","₦1,083.14","₦1,091.82","₦1,113.39","₦1,130.80","₦1,145.32","₦1,173.05","₦1,220.33","₦1,262.10","₦1,274.20","₦1,320.73","₦1,339.77","₦1,366.24","₦1,385.96","₦1,415.77","₦1,440.70","₦1,496.47","₦1,508.08","₦1,522.75","₦1,570.79"
"Beef,boneless","₦1,249.48","₦1,270.67","₦1,281.71","₦1,323.10","₦1,378.91","₦1,393.42","₦1,376.91","₦1,276.85","₦1,324.93","₦1,312.73","₦1,286.86","₦1,236.44","₦1,298.70","₦1,274.71","₦1,262.51","₦1,257.73","₦1,275.77","₦1,271.54","₦1,262.73","₦1,281.02","₦1,281.64","₦1,260.59","₦1,251.45","₦1,270.81","₦1,273.99","₦1,254.99","₦1,253.48","₦1,271.10","₦1,268.95","₦1,240.44","₦1,246.78","₦1,244.23","₦1,257.58","₦1,281.59","₦1,293.00","₦1,292.52","₦1,289.80","₦1,279.60","₦1,276.10","₦1,307.68","₦1,306.47","₦1,317.04","₦1,330.83","₦1,339.74","₦1,351.66","₦1,380.14","₦1,393.77","₦1,405.72","₦1,421.14","₦1,435.87","₦1,456.03","₦1,481.24","₦1,513.43","₦1,567.26","₦1,660.76","₦1,698.18","₦1,768.14","₦1,768.78","₦1,812.03","₦1,846.39","₦1,864.70","₦1,919.52","₦1,955.90","₦2,026.85","₦2,029.59","₦2,079.93"
Bread sliced 500g,₦302.87,₦299.75,₦297.51,₦296.63,₦307.70,₦320.58,₦314.47,₦304.20,₦310.62,₦305.88,₦298.96,₦290.05,₦313.43,₦314.17,₦305.88,₦306.54,₦305.98,₦308.00,₦305.25,₦307.97,₦303.84,₦299.19,₦305.48,₦296.91,₦300.61,₦299.11,₦299.98,₦297.87,₦297.28,₦292.73,₦293.49,₦301.36,₦302.59,₦296.56,₦299.59,₦304.06,₦302.45,₦303.06,₦304.60,₦316.55,₦315.00,₦320.10,₦318.56,₦312.74,₦318.11,₦322.61,₦328.52,₦327.17,₦327.96,₦326.61,₦332.30,₦332.95,₦337.83,₦355.78,₦361.11,₦366.69,₦384.73,₦382.77,₦404.20,₦407.97,₦418.65,₦438.03,₦447.80,₦450.51,₦456.79,₦472.47
Bread unsliced 500g,₦270.25,₦264.86,₦262.33,₦277.69,₦282.26,₦286.78,₦285.55,₦258.70,₦286.33,₦280.34,₦274.32,₦268.23,₦282.12,₦284.36,₦278.61,₦278.61,₦278.11,₦275.60,₦272.71,₦278.27,₦278.57,₦272.91,₦277.87,₦271.14,₦272.97,₦271.74,₦273.14,₦271.49,₦272.09,₦274.49,₦271.02,₦275.40,₦275.89,₦278.66,₦280.51,₦277.79,₦276.26,₦275.20,₦278.79,₦288.45,₦285.17,₦284.51,₦287.74,₦283.97,₦291.04,₦298.73,₦307.01,₦304.51,₦306.74,₦308.07,₦310.19,₦306.16,₦310.81,₦324.03,₦335.67,₦342.78,₦351.95,₦359.60,₦366.46,₦372.06,₦383.51,₦400.83,₦411.73,₦412.25,₦421.64,₦434.50
Broken Rice (Ofada),₦377.41,₦392.04,₦421.54,₦425.53,₦460.10,₦472.29,₦473.40,₦415.34,₦431.59,₦416.18,₦417.24,₦319.86,₦413.19,₦405.69,₦399.47,₦400.94,₦405.03,₦404.43,₦403.56,₦397.29,₦384.49,₦370.21,₦385.61,₦381.64,₦382.15,₦385.81,₦382.45,₦381.13,₦377.77,₦373.49,₦367.44,₦366.22,₦370.30,₦371.89,₦396.86,₦406.94,₦409.31,₦404.32,₦390.54,₦408.05,₦405.58,₦420.31,₦426.36,₦429.81,₦442.77,₦452.21,₦462.55,₦467.64,₦465.64,₦462.42,₦466.30,₦472.19,₦470.16,₦472.07,₦477.08,₦477.39,₦473.75,₦475.54,₦480.65,₦480.23,₦486.70,₦496.57,₦505.01,₦513.50,₦515.04,₦527.73
Catfish (dried),"₦2,204.12","₦2,150.18","₦2,189.55","₦2,189.10","₦2,213.66","₦2,255.24","₦2,215.25","₦2,176.82","₦2,159.00","₦2,083.74","₦2,214.33","₦2,146.61","₦1,852.92","₦1,857.25","₦1,793.58","₦1,753.53","₦1,779.71","₦1,770.53","₦1,792.12","₦1,807.11","₦1,766.55","₦2,362.28","₦1,814.97","₦1,808.55","₦1,814.67","₦1,799.35","₦1,791.90","₦1,763.61","₦1,766.55","₦1,727.36","₦1,700.51","₦1,712.11","₦1,709.80","₦1,697.55","₦1,723.23","₦1,732.45","₦1,720.55","₦1,713.30","₦1,711.32","₦1,724.52","₦1,709.24","₦1,722.18","₦1,677.22","₦1,711.18","₦1,718.53","₦1,728.81","₦1,725.47","₦1,728.47","₦1,726.21","₦1,728.66","₦1,723.52","₦1,735.54","₦1,755.26","₦1,773.60","₦1,837.44","₦1,868.95","₦1,879.83","₦1,892.34","₦1,946.38","₦1,973.64","₦2,055.60","₦2,050.31","₦2,090.01","₦2,117.29","₦2,221.63","₦2,156.64"
Catfish (obokun) fresh,₦899.58,₦885.13,₦884.15,₦886.65,₦900.73,₦916.55,₦910.57,₦921.17,₦894.52,₦906.94,₦902.02,₦919.82,"₦1,014.62","₦1,037.33","₦1,008.28",₦993.54,"₦1,013.11","₦1,062.43","₦1,064.74","₦1,088.95","₦1,089.25","₦1,080.38","₦1,112.09","₦1,060.83","₦1,073.51","₦1,066.39","₦1,065.14","₦1,082.01","₦1,063.03","₦1,024.68",₦994.21,"₦1,008.32","₦1,002.53","₦1,004.38","₦1,027.76","₦1,043.41","₦1,025.13","₦1,022.84","₦1,027.30","₦1,048.90","₦1,044.13","₦1,058.90","₦1,061.25","₦1,056.58","₦1,053.62","₦1,063.50","₦1,066.15","₦1,068.19","₦1,069.52","₦1,073.34","₦1,084.84","₦1,097.61","₦1,116.02","₦1,140.68","₦1,174.02","₦1,204.60","₦1,232.25","₦1,242.54","₦1,276.58","₦1,284.34","₦1,381.44","₦1,330.07","₦1,341.04","₦1,379.18","₦1,389.70","₦1,413.90"
Catfish (Smoked),₦817.09,₦825.35,₦834.26,₦837.09,₦845.91,₦848.41,₦853.18,₦852.93,₦839.49,₦845.10,₦847.66,"₦1,007.40","₦1,540.80","₦1,896.94","₦1,524.75","₦1,514.53","₦1,520.93","₦1,527.82","₦1,504.39","₦1,512.40","₦1,499.60","₦1,482.30","₦1,490.84","₦1,519.80","₦1,509.19","₦1,517.84","₦1,517.26","₦1,548.23","₦1,552.13","₦1,528.98","₦1,504.20","₦1,515.95","₦1,499.70","₦1,494.81","₦1,501.28","₦1,507.39","₦1,502.48","₦1,496.07","₦1,501.97","₦1,524.80","₦1,523.47","₦1,529.88","₦1,536.03","₦1,526.12","₦1,529.47","₦1,535.50","₦1,537.30","₦1,534.92","₦1,536.50","₦1,532.05","₦1,532.21","₦1,539.67","₦1,550.99","₦1,566.60","₦1,592.90","₦1,603.89","₦1,599.30","₦1,621.30","₦1,664.65","₦1,673.32","₦1,685.98","₦1,710.36","₦1,733.69","₦1,751.46","₦1,764.56","₦1,782.48"
Chicken Feet,₦765.28,₦785.42,₦907.51,₦768.11,₦819.59,₦832.79,₦832.66,₦834.74,₦817.19,₦800.10,₦790.91,"₦1,155.99",₦850.00,₦778.64,₦772.99,₦758.88,₦782.55,₦784.78,₦930.50,₦803.03,₦808.05,₦775.66,₦985.33,₦737.76,₦749.53,₦731.91,₦727.61,₦746.28,₦727.73,₦693.61,₦663.03,₦685.16,₦670.87,₦659.60,₦686.71,₦699.06,₦685.98,₦684.50,₦691.70,₦711.61,₦701.66,₦712.19,₦715.89,₦724.19,₦715.44,₦720.50,₦729.14,₦729.50,₦729.71,₦754.58,₦765.80,₦784.04,₦801.03,₦809.24,₦819.03,₦830.17,₦849.92,₦860.72,₦882.77,₦883.89,₦897.62,₦911.93,₦919.11,₦932.42,₦936.86,₦971.60
Chicken Wings,₦919.09,₦963.46,₦980.88,₦886.58,₦925.55,₦952.18,₦958.05,₦946.93,₦979.32,₦960.71,₦953.60,₦950.56,₦950.77,₦954.99,₦935.83,₦921.49,₦925.54,₦960.56,₦963.05,₦992.48,"₦1,012.50",₦982.51,₦981.48,₦943.99,₦961.89,₦932.32,₦927.20,₦947.99,₦934.05,₦905.44,₦877.13,₦891.87,₦874.72,₦880.90,₦893.00,₦915.62,₦909.31,₦922.52,₦920.52,₦935.60,₦929.24,₦948.24,₦953.89,₦940.13,₦962.13,₦972.26,₦978.41,₦977.67,₦967.46,₦979.29,₦992.30,"₦1,003.54","₦1,026.76","₦1,042.61","₦1,080.13","₦1,109.63","₦1,125.99","₦1,144.01","₦1,179.82","₦1,197.57","₦1,209.62","₦1,222.77","₦1,238.00","₦1,250.07","₦1,270.95","₦1,292.39"
Dried Fish Sardine,₦959.11,₦935.51,₦958.67,₦972.73,₦991.64,₦989.49,₦968.76,₦972.65,₦947.60,₦967.00,₦968.77,"₦1,077.82","₦1,455.50","₦1,405.75","₦1,410.11","₦1,371.80","₦1,399.97","₦1,378.57","₦1,395.41","₦1,382.94","₦1,374.26","₦1,365.68","₦1,331.62","₦1,342.97","₦1,342.79","₦1,380.38","₦1,381.40","₦1,414.37","₦1,414.49","₦1,394.73","₦1,373.11","₦1,379.51","₦1,381.57","₦1,397.91","₦1,423.23","₦1,444.94","₦1,454.59","₦1,440.71","₦1,432.95","₦1,447.58","₦1,445.67","₦1,455.32","₦1,466.13","₦1,466.66","₦1,477.56","₦1,479.87","₦1,479.84","₦1,482.61","₦1,479.84","₦1,512.67","₦1,513.44","₦1,499.99","₦1,515.16","₦1,540.76","₦1,575.11","₦1,593.15","₦1,596.24","₦1,604.24","₦1,636.80","₦1,647.57","₦1,664.33","₦1,703.59","₦1,718.37","₦1,730.64","₦1,752.79","₦1,778.74"
Evaporated tinned milk carnation 170g,₦136.29,₦140.53,₦143.56,₦151.47,₦157.95,₦162.80,₦162.72,₦158.85,₦174.36,₦170.60,₦169.44,₦159.72,₦172.24,₦166.55,₦158.51,₦160.22,₦165.26,₦166.23,₦165.74,₦162.99,₦166.28,₦163.34,₦162.42,₦163.28,₦164.39,₦161.60,₦161.98,₦161.68,₦163.37,₦156.95,₦157.14,₦156.98,₦159.61,₦159.51,₦157.21,₦157.89,₦157.11,₦150.54,₦153.37,₦160.98,₦161.16,₦162.85,₦163.74,₦162.23,₦163.80,₦164.35,₦166.06,₦167.48,₦169.61,₦172.35,₦172.92,₦176.43,₦176.89,₦180.07,₦184.48,₦187.54,₦187.31,₦189.77,₦195.70,₦199.31,₦201.61,₦205.13,₦208.29,₦216.77,₦221.20,₦226.41
Evaporated tinned milk(peak) 170g,₦157.75,₦166.14,₦177.05,₦197.15,₦198.42,₦194.67,₦195.94,₦190.53,₦206.00,₦198.67,₦196.02,₦191.44,₦196.71,₦191.14,₦187.61,₦188.14,₦192.93,₦189.93,₦187.84,₦184.25,₦189.29,₦187.25,₦187.56,₦189.98,₦190.68,₦190.92,₦188.23,₦188.18,₦189.51,₦188.90,₦188.59,₦186.61,₦186.15,₦187.44,₦183.56,₦184.80,₦185.63,₦183.81,₦183.12,₦190.17,₦190.00,₦191.71,₦193.03,₦194.11,₦195.58,₦195.03,₦197.45,₦196.70,₦197.39,₦195.20,₦197.51,₦199.20,₦201.65,₦207.68,₦209.48,₦213.09,₦216.71,₦217.52,₦234.93,₦234.80,₦239.21,₦245.28,₦250.11,₦253.85,₦258.55,₦266.77
Frozen chicken,"₦1,419.75","₦1,428.95","₦1,555.51","₦1,606.63","₦1,605.97","₦1,645.29","₦1,623.84","₦1,529.25","₦1,570.26","₦1,580.13","₦1,571.48","₦1,708.64","₦1,547.50","₦1,548.87","₦1,544.95","₦1,537.85","₦1,536.52","₦1,537.25","₦1,541.37","₦1,533.22","₦1,534.18","₦1,558.22","₦1,551.25","₦1,625.05","₦1,614.19","₦1,632.71","₦1,910.70","₦1,681.11","₦1,701.62","₦1,752.97","₦1,783.38","₦1,770.45","₦1,901.64","₦1,993.98","₦2,008.39","₦1,995.58","₦1,983.14","₦1,948.59","₦1,941.04","₦1,958.10","₦1,944.56","₦1,950.47","₦1,955.54","₦1,948.12","₦1,931.95","₦1,932.96","₦1,936.97","₦1,939.17","₦1,927.54","₦1,919.18","₦1,926.86","₦1,928.22","₦1,944.80","₦1,982.87","₦2,049.66","₦2,091.34","₦2,109.81","₦2,128.91","₦2,164.76","₦2,256.81","₦2,275.78","₦2,351.31","₦2,381.19","₦2,380.81","₦2,415.53","₦2,453.94"
"Gaari white, sold loose",₦219.56,₦260.94,₦273.67,₦288.45,₦292.97,₦315.61,₦317.10,₦310.15,₦301.99,₦268.10,₦251.91,₦199.68,₦229.26,₦210.21,₦209.12,₦208.21,₦216.01,₦216.72,₦200.67,₦198.82,₦195.86,₦188.39,₦183.59,₦166.64,₦165.80,₦166.61,₦163.51,₦163.37,₦161.55,₦145.31,₦151.73,₦154.10,₦154.55,₦162.42,₦160.06,₦159.39,₦159.64,₦159.33,₦164.60,₦190.23,₦196.16,₦214.73,₦222.47,₦224.53,₦235.77,₦244.96,₦241.25,₦238.65,₦243.76,₦259.59,₦274.03,₦276.33,₦301.88,₦324.26,₦329.20,₦323.01,₦301.58,₦292.57,₦302.28,₦299.51,₦307.53,₦313.27,₦317.33,₦318.74,₦326.85,₦332.53
"Gaari yellow, sold loose",₦255.83,₦250.45,₦302.05,₦320.92,₦326.83,₦354.55,₦350.46,₦345.82,₦335.94,₦305.02,₦289.15,₦219.75,₦271.35,₦250.06,₦243.99,₦246.50,₦256.51,₦259.83,₦248.72,₦246.75,₦253.70,₦236.26,₦222.42,₦195.99,₦191.78,₦191.06,₦184.18,₦182.59,₦180.75,₦156.02,₦154.05,₦167.34,₦172.23,₦175.57,₦181.32,₦183.26,₦182.19,₦186.35,₦192.41,₦211.83,₦222.25,₦241.58,₦255.10,₦253.02,₦263.57,₦275.01,₦268.05,₦263.27,₦265.55,₦282.79,₦293.97,₦299.18,₦318.70,₦338.99,₦347.70,₦341.81,₦322.44,₦321.57,₦329.21,₦330.47,₦336.33,₦339.72,₦338.69,₦335.19,₦344.69,₦353.95
"Groundnut oil, 1 bottle",₦477.86,₦482.94,₦494.10,₦494.24,₦500.19,₦503.28,₦505.12,₦508.33,₦477.97,₦504.03,₦503.79,₦660.36,₦528.59,₦571.10,₦585.15,₦584.47,₦601.51,₦612.45,₦603.58,₦603.41,₦608.35,₦592.51,₦603.90,₦585.52,₦588.60,₦585.69,₦580.55,₦578.52,₦573.40,₦558.30,₦545.13,₦557.44,₦557.51,₦562.59,₦580.03,₦580.45,₦571.88,₦572.36,₦583.22,₦601.03,₦601.14,₦620.31,₦623.09,₦626.69,₦633.39,₦646.04,₦656.76,₦664.78,₦672.42,₦676.87,₦667.67,₦689.19,₦703.36,₦728.43,₦768.81,₦812.70,₦844.42,₦852.32,₦890.15,₦923.68,₦941.10,₦971.01,₦994.62,"₦1,007.68","₦1,040.88","₦1,062.90"
Iced Sardine,"₦1,879.96","₦1,915.68","₦1,902.15","₦1,927.97","₦1,919.64","₦1,916.19","₦1,915.25","₦1,904.67","₦1,878.46","₦1,914.45","₦1,903.71","₦1,545.26",₦861.07,₦885.14,₦899.67,₦907.89,₦941.45,₦923.47,₦940.53,₦937.22,₦931.59,₦916.80,₦920.98,₦906.39,₦906.02,₦911.33,₦908.81,₦941.44,₦925.31,₦899.83,₦887.69,₦907.70,₦913.41,₦925.05,₦956.79,₦969.60,₦964.40,₦961.21,₦960.69,₦987.10,₦994.47,"₦1,008.23","₦1,005.46","₦1,005.58","₦1,022.67","₦1,028.48","₦1,014.92","₦1,011.83","₦1,021.00","₦1,042.66","₦1,047.03","₦1,059.10","₦1,076.34","₦1,106.05","₦1,161.01","₦1,195.15","₦1,208.67","₦1,209.04","₦1,236.35","₦1,250.06","₦1,275.90","₦1,298.02","₦1,323.84","₦1,337.70","₦1,359.45","₦1,394.99"
Irish potato,₦300.95,₦307.29,₦311.81,₦318.88,₦315.86,₦319.30,₦311.40,₦310.48,₦307.46,₦291.12,₦290.55,₦314.23,₦232.87,₦250.93,₦261.75,₦282.06,₦300.58,₦297.09,₦296.59,₦309.50,₦291.95,₦300.14,₦330.10,₦298.59,₦290.55,₦284.31,₦278.92,₦289.67,₦288.86,₦274.10,₦250.34,₦271.48,₦268.57,₦264.29,₦289.23,₦304.46,₦281.09,₦286.21,₦301.24,₦309.85,₦304.60,₦324.81,₦328.07,₦320.45,₦309.10,₦318.96,₦319.48,₦320.01,₦325.13,₦319.25,₦316.05,₦312.37,₦325.15,₦356.44,₦380.21,₦366.63,₦358.63,₦367.85,₦403.68,₦414.84,₦429.80,₦430.54,₦443.28,₦448.38,₦460.07,₦473.77
Mackerel : frozen,₦759.01,₦764.62,₦774.89,₦778.15,₦785.37,₦794.64,₦795.82,₦797.77,₦785.57,₦828.93,₦844.59,"₦1,015.57",₦915.27,₦875.31,₦915.92,₦896.40,₦927.22,₦908.91,₦922.91,₦926.18,₦944.50,₦920.99,₦937.77,₦934.19,₦933.94,₦931.39,₦935.30,₦958.05,₦942.42,₦926.08,₦911.43,₦914.58,₦921.47,₦938.02,₦951.67,₦953.29,₦946.05,₦932.21,₦928.27,₦953.14,₦959.22,₦976.99,₦989.44,₦997.01,"₦1,004.58","₦1,015.06","₦1,028.03","₦1,030.59","₦1,031.11","₦1,030.64","₦1,034.27","₦1,053.54","₦1,083.71","₦1,117.21","₦1,201.57","₦1,249.86","₦1,280.77","₦1,284.86","₦1,318.90","₦1,322.24","₦1,381.84","₦1,372.65","₦1,391.50","₦1,414.15","₦1,430.90","₦1,459.82"
"Maize grain white,  sold loose",₦167.11,₦172.86,₦174.03,₦182.94,₦188.90,₦190.33,₦191.33,₦192.44,₦168.12,₦191.15,₦185.13,₦154.37,₦190.51,₦185.20,₦231.56,₦173.45,₦180.50,₦183.69,₦179.39,₦180.09,₦179.90,₦171.14,₦165.03,₦161.49,₦158.63,₦155.59,₦147.83,₦151.70,₦149.60,₦140.41,₦135.76,₦138.26,₦141.75,₦142.25,₦149.63,₦151.88,₦148.86,₦150.15,₦150.78,₦165.83,₦167.88,₦178.26,₦190.00,₦189.53,₦196.98,₦202.24,₦204.95,₦205.63,₦210.74,₦222.86,₦233.92,₦233.48,₦248.86,₦262.80,₦275.82,₦270.79,₦264.59,₦266.23,₦272.42,₦275.14,₦280.66,₦287.60,₦297.43,₦305.69,₦314.75,₦324.32
"Maize grain yellow, sold loose",₦168.77,₦174.72,₦178.79,₦185.61,₦190.59,₦191.36,₦193.02,₦193.43,₦168.19,₦191.10,₦189.88,₦161.90,₦180.00,₦199.84,₦193.82,₦191.05,₦195.72,₦197.27,₦190.44,₦191.06,₦189.81,₦178.38,₦168.92,₦160.42,₦159.91,₦158.29,₦151.26,₦155.90,₦154.37,₦143.25,₦140.09,₦142.00,₦142.19,₦138.74,₦151.65,₦153.00,₦149.62,₦151.53,₦150.97,₦166.42,₦169.75,₦181.90,₦191.64,₦192.43,₦201.33,₦204.73,₦204.38,₦207.51,₦214.68,₦229.76,₦237.60,₦238.52,₦256.28,₦271.40,₦280.63,₦275.28,₦266.98,₦267.45,₦273.90,₦274.39,₦280.44,₦289.70,₦298.50,₦304.35,₦312.51,₦321.04
Mudfish (aro) fresh,₦994.37,₦998.71,"₦1,079.16","₦1,008.95","₦1,047.28","₦1,071.13","₦1,080.33",₦998.57,"₦1,069.92","₦1,074.73","₦1,081.61","₦1,060.02","₦1,099.77","₦1,098.63","₦1,069.90","₦1,039.02","₦1,062.74","₦1,070.62","₦1,065.56","₦1,104.81","₦1,072.12","₦1,052.07","₦1,067.10","₦1,032.24","₦1,054.49","₦1,014.20","₦1,015.53","₦1,037.90","₦1,026.85",₦991.45,₦971.74,₦979.84,₦978.23,₦979.20,"₦1,002.74","₦1,010.99","₦1,000.41",₦992.95,₦991.44,"₦1,004.18",₦997.39,"₦1,005.84","₦1,009.02","₦1,002.45","₦1,006.22","₦1,016.97","₦1,021.72","₦1,025.40","₦1,023.35","₦1,038.13","₦1,043.24","₦1,044.44","₦1,063.85","₦1,087.71","₦1,815.27","₦1,175.81","₦1,191.93","₦1,189.15","₦1,219.44","₦1,243.91","₦1,256.25","₦1,282.31","₦2,030.02","₦1,305.07","₦1,310.34","₦1,336.31"
Mudfish (dried),"₦1,812.03","₦1,955.10","₦2,084.81","₦2,319.91","₦2,388.05","₦2,416.28","₦2,395.79","₦2,161.70","₦2,204.04","₦2,190.22","₦2,144.20","₦1,621.42","₦2,134.65","₦2,066.03","₦1,945.30","₦1,912.69","₦1,928.19","₦1,941.91","₦1,907.21","₦1,897.08","₦1,908.02","₦1,874.37","₦1,894.29","₦1,861.66","₦1,856.34","₦1,824.01","₦1,825.51","₦1,826.70","₦1,826.77","₦1,786.80","₦1,763.72","₦1,768.23","₦1,762.50","₦1,741.27","₦1,756.42","₦1,774.96","₦1,758.76","₦1,764.13","₦1,742.72","₦1,762.88","₦1,751.08","₦1,744.34","₦1,743.76","₦1,742.48","₦1,751.89","₦1,760.90","₦1,750.96","₦1,749.89","₦1,758.18","₦1,753.09","₦1,755.92","₦1,743.40","₦1,769.93","₦1,778.91","₦1,144.76","₦1,833.68","₦1,844.74","₦1,851.16","₦1,898.13","₦1,927.89","₦2,305.65","₦1,983.75","₦1,292.46","₦2,041.14","₦2,049.54","₦2,086.98"
Onion bulb,₦258.92,₦241.44,₦246.95,₦205.60,₦203.56,₦214.79,₦213.14,₦236.66,₦238.29,₦217.58,₦228.46,₦311.09,₦248.74,₦252.03,₦235.31,₦234.37,₦234.04,₦240.01,₦246.91,₦252.09,₦251.30,₦232.81,₦287.66,₦259.38,₦257.99,₦244.30,₦231.91,₦232.30,₦228.26,₦208.87,₦193.56,₦206.04,₦203.54,₦202.88,₦226.06,₦240.55,₦225.83,₦231.60,₦236.36,₦227.59,₦221.40,₦233.24,₦238.65,₦241.97,₦244.75,₦270.60,₦379.39,₦372.25,₦356.29,₦297.83,₦285.23,₦294.84,₦307.53,₦315.63,₦322.08,₦302.88,₦298.94,₦306.07,₦340.99,₦346.96,₦368.10,₦378.26,₦378.59,₦380.94,₦387.53,₦393.32
Palm oil: 1 bottle,₦420.62,₦434.81,₦442.04,₦452.42,₦458.24,₦471.28,₦478.75,₦492.90,₦439.88,₦473.61,₦475.51,₦551.77,₦480.92,₦510.10,₦492.13,₦486.84,₦494.91,₦499.98,₦496.43,₦501.13,₦501.02,₦495.07,₦496.18,₦474.53,₦477.09,₦462.27,₦460.32,₦461.05,₦456.41,₦461.52,₦447.40,₦454.62,₦457.49,₦464.70,₦466.93,₦469.43,₦457.59,₦457.31,₦451.37,₦464.08,₦463.50,₦473.75,₦486.25,₦499.67,₦505.32,₦515.26,₦542.85,₦552.22,₦564.31,₦585.01,₦578.17,₦578.86,₦593.36,₦609.21,₦635.31,₦668.71,₦709.50,₦727.21,₦775.11,₦795.57,₦805.45,₦825.51,₦842.23,₦842.75,₦847.39,₦870.90
Plantain (ripe),₦234.25,₦234.28,₦236.65,₦240.71,₦241.48,₦249.71,₦251.27,₦254.02,₦231.70,₦247.38,₦244.89,₦240.84,₦273.71,₦257.63,₦259.83,₦262.31,₦273.48,₦276.60,₦270.77,₦275.78,₦272.60,₦245.62,₦254.08,₦227.28,₦229.51,₦225.98,₦223.13,₦228.34,₦226.34,₦220.44,₦217.22,₦225.04,₦220.42,₦208.69,₦218.01,₦213.04,₦206.17,₦207.82,₦220.91,₦236.49,₦226.36,₦245.86,₦245.04,₦242.78,₦244.37,₦240.64,₦238.94,₦233.84,₦230.32,₦237.04,₦243.13,₦253.02,₦265.66,₦273.07,₦296.05,₦290.96,₦284.90,₦287.89,₦284.47,₦285.62,₦288.51,₦292.54,₦302.30,₦306.75,₦315.84,₦325.92
Plantain (unripe),₦212.49,₦214.41,₦215.80,₦221.79,₦224.65,₦228.46,₦223.47,₦226.26,₦215.96,₦229.88,₦233.27,₦253.05,₦248.72,₦232.19,₦242.48,₦235.70,₦247.09,₦248.47,₦248.58,₦247.06,₦244.26,₦226.56,₦225.54,₦215.73,₦217.37,₦218.36,₦212.53,₦220.91,₦217.15,₦207.37,₦203.44,₦210.27,₦204.02,₦200.11,₦203.49,₦204.30,₦197.06,₦201.83,₦218.05,₦230.20,₦218.81,₦238.58,₦237.18,₦233.50,₦236.28,₦225.83,₦216.19,₦213.48,₦212.35,₦221.08,₦228.18,₦243.37,₦256.13,₦269.17,₦277.73,₦270.70,₦256.22,₦261.59,₦260.72,₦261.15,₦262.51,₦268.52,₦327.54,₦337.47,₦340.65,₦302.93
"Rice agric, sold loose",₦324.01,₦355.41,₦360.89,₦324.76,₦347.73,₦352.09,₦354.08,₦349.64,₦351.09,₦325.93,₦315.14,₦317.46,₦322.81,₦322.81,₦326.56,₦322.54,₦327.84,₦331.14,₦325.13,₦327.02,₦328.42,₦323.27,₦329.14,₦321.58,₦322.45,₦316.08,₦314.88,₦319.59,₦321.56,₦318.26,₦314.56,₦310.03,₦322.10,₦340.27,₦384.04,₦390.18,₦382.21,₦377.69,₦369.89,₦393.34,₦389.77,₦394.57,₦405.97,₦413.13,₦425.79,₦434.41,₦450.09,₦448.71,₦448.70,₦442.09,₦443.23,₦442.39,₦445.23,₦449.42,₦462.35,₦468.77,₦463.04,₦465.64,₦469.53,₦476.44,₦480.53,₦492.81,₦500.15,₦504.20,₦507.18,₦510.02
"Rice local (ofada), sold loose",₦286.19,₦306.29,₦308.87,₦299.30,₦323.82,₦325.51,₦323.25,₦320.19,₦316.40,₦292.90,₦278.89,₦278.94,₦274.66,₦276.28,₦283.57,₦281.51,₦286.16,₦280.76,₦276.29,₦280.29,₦277.78,₦277.87,₦278.46,₦280.79,₦281.49,₦281.25,₦280.80,₦282.78,₦278.26,₦271.10,₦277.38,₦272.77,₦290.16,₦303.69,₦344.01,₦345.94,₦338.58,₦334.11,₦313.10,₦342.49,₦344.91,₦347.54,₦362.97,₦375.08,₦390.68,₦400.47,₦404.61,₦405.64,₦401.41,₦391.01,₦393.92,₦399.07,₦397.80,₦401.82,₦411.97,₦409.97,₦410.01,₦415.03,₦421.02,₦424.62,₦430.21,₦436.58,₦441.80,₦440.26,₦447.51,₦488.68
Rice Medium Grained,₦312.08,₦352.69,₦377.99,₦332.81,₦350.36,₦348.23,₦344.40,₦313.45,₦339.47,₦320.64,₦309.87,₦304.90,₦308.53,₦314.77,₦317.17,₦323.56,₦325.37,₦323.12,₦319.35,₦322.55,₦319.46,₦314.89,₦318.94,₦318.00,₦317.63,₦314.53,₦313.55,₦316.30,₦316.94,₦308.07,₦305.93,₦309.27,₦326.40,₦339.78,₦378.50,₦381.68,₦381.42,₦373.16,₦368.36,₦394.56,₦392.54,₦400.73,₦410.69,₦415.43,₦423.04,₦434.96,₦444.94,₦443.03,₦442.17,₦444.17,₦443.36,₦441.85,₦441.49,₦447.62,₦456.00,₦460.33,₦454.28,₦463.38,₦476.67,₦477.03,₦477.33,₦487.43,₦488.58,₦494.88,₦496.98,₦511.94
"Rice (imported high quality),  sold loose",₦402.01,₦410.58,₦418.71,₦388.46,₦410.55,₦415.84,₦409.20,₦384.35,₦398.01,₦368.90,₦360.83,₦371.21,₦360.76,₦365.21,₦363.33,₦369.35,₦374.63,₦373.47,₦370.79,₦375.02,₦371.32,₦373.04,₦376.63,₦370.57,₦366.04,₦364.39,₦361.90,₦357.55,₦361.39,₦352.83,₦356.10,₦356.61,₦371.13,₦382.57,₦445.45,₦459.90,₦453.24,₦444.04,₦438.66,₦471.84,₦463.21,₦479.74,₦490.44,₦501.71,₦516.13,₦530.32,₦549.98,₦550.94,₦551.57,₦537.37,₦544.21,₦540.58,₦544.09,₦557.98,₦552.80,₦546.71,₦546.77,₦553.23,₦568.75,₦571.62,₦579.16,₦594.80,₦607.68,₦612.25,₦619.64,₦636.20
Sweet potato,₦129.43,₦127.23,₦132.94,₦132.43,₦130.28,₦135.77,₦137.96,₦138.56,₦139.00,₦115.73,₦111.36,₦120.19,₦113.36,₦126.44,₦130.30,₦137.40,₦150.55,₦148.68,₦163.30,₦167.08,₦167.28,₦154.73,₦147.70,₦140.70,₦139.65,₦137.46,₦134.72,₦141.61,₦140.83,₦135.20,₦137.48,₦137.61,₦142.00,₦138.46,₦146.58,₦147.46,₦141.23,₦141.34,₦149.46,₦153.89,₦154.62,₦171.94,₦177.17,₦173.11,₦165.30,₦163.51,₦160.89,₦154.98,₦148.32,₦145.86,₦152.53,₦157.76,₦172.63,₦191.27,₦199.86,₦195.87,₦192.07,₦192.14,₦202.25,₦214.44,₦217.78,₦227.23,₦228.05,₦227.74,₦234.69,₦247.91
Tilapia fish (epiya) fresh,₦792.18,₦795.27,₦798.07,₦800.77,₦805.21,₦817.62,₦823.34,₦820.29,₦795.64,₦822.39,₦813.77,"₦1,158.84",₦864.05,₦885.65,₦890.10,₦889.52,₦924.12,₦939.36,₦935.16,₦947.79,₦979.22,₦923.12,₦934.07,₦887.54,₦910.91,₦876.13,₦876.36,₦894.12,₦884.47,₦845.73,₦812.22,₦833.59,₦813.43,₦815.55,₦859.55,₦884.07,₦870.06,₦863.29,₦854.86,₦870.49,₦860.95,₦872.94,₦872.74,₦855.50,₦858.54,₦869.77,₦869.15,₦868.87,₦868.65,₦891.21,₦911.83,₦910.30,₦927.54,₦949.72,"₦1,017.38","₦1,051.63","₦1,067.47","₦1,074.97","₦1,101.38","₦1,116.88","₦1,124.04","₦1,144.68","₦1,161.34","₦1,176.90","₦1,182.76","₦1,189.43"
Titus (frozen),₦884.82,₦942.23,₦964.63,₦935.00,₦969.64,"₦1,012.18","₦1,014.54",₦998.01,₦973.99,"₦1,050.38","₦1,125.88","₦1,109.21",₦894.70,₦901.49,₦905.76,₦898.62,₦921.04,₦950.28,₦924.77,₦946.55,₦941.50,₦923.92,"₦1,105.17",₦926.42,₦935.02,₦945.71,₦945.66,₦974.94,₦949.22,₦940.57,₦927.61,₦949.05,₦952.31,₦956.75,₦975.39,₦981.21,₦962.96,₦948.14,₦960.47,₦986.88,"₦1,004.66","₦1,018.79","₦1,021.08","₦1,022.70","₦1,032.75","₦1,051.36","₦1,052.31","₦1,057.97","₦1,066.88","₦1,062.07","₦1,069.28","₦1,091.20","₦1,115.80","₦1,151.08","₦1,327.44","₦1,375.61","₦1,426.42","₦1,424.58","₦1,451.35","₦1,463.60","₦1,450.73","₦1,498.81","₦1,526.95","₦1,554.35","₦1,571.75","₦1,604.47"
Tomato,₦247.55,₦236.62,₦268.64,₦285.72,₦339.72,₦375.00,₦394.13,₦431.30,₦322.39,₦291.53,₦286.39,₦276.18,₦271.99,₦267.10,₦267.09,₦289.49,₦307.14,₦317.67,₦336.29,₦336.65,₦328.26,₦306.59,₦294.36,₦271.51,₦265.49,₦256.51,₦240.30,₦257.25,₦249.52,₦226.07,₦203.55,₦223.86,₦227.50,₦233.38,₦251.21,₦263.90,₦237.22,₦241.78,₦255.33,₦277.00,₦278.23,₦294.46,₦304.01,₦289.86,₦286.92,₦307.63,₦316.16,₦310.10,₦289.66,₦269.18,₦267.45,₦277.26,₦303.51,₦335.46,₦414.83,₦396.38,₦342.25,₦347.47,₦349.60,₦357.03,₦367.01,₦393.08,₦409.96,₦426.54,₦423.48,₦438.33
Vegetable oil:1 bottle,₦495.29,₦507.36,₦513.42,₦525.72,₦524.77,₦546.29,₦552.91,₦559.01,₦505.51,₦547.11,₦540.20,₦565.04,₦540.25,₦549.02,₦533.45,₦548.01,₦553.23,₦552.08,₦547.90,₦540.44,₦546.85,₦536.08,₦536.53,₦507.83,₦516.72,₦509.14,₦506.65,₦501.09,₦496.64,₦495.41,₦485.05,₦491.41,₦486.90,₦502.34,₦512.53,₦516.29,₦515.48,₦520.95,₦530.85,₦551.92,₦554.77,₦568.50,₦576.89,₦583.76,₦589.28,₦602.96,₦630.86,₦639.88,₦654.79,₦667.43,₦668.33,₦672.70,₦686.67,₦712.95,₦739.32,₦769.45,₦812.94,₦825.46,₦876.47,₦896.39,₦920.76,₦950.46,₦970.29,₦981.16,₦996.25,"₦1,018.26"
Wheat flour: prepacked (golden penny 2kg),₦626.53,₦621.39,₦623.10,₦627.33,₦646.18,₦632.09,₦630.47,₦647.29,₦627.00,₦641.41,₦649.19,₦639.24,₦655.15,₦646.00,₦657.64,₦649.92,₦659.51,₦660.13,₦657.58,₦661.06,₦651.87,₦656.80,₦659.65,₦662.89,₦665.12,₦664.78,₦663.90,₦668.76,₦668.37,₦674.83,₦667.97,₦663.26,₦664.02,₦675.30,₦673.48,₦676.20,₦672.79,₦668.01,₦674.14,₦692.60,₦698.45,₦707.31,₦712.95,₦718.39,₦730.23,₦740.89,₦749.99,₦749.80,₦757.97,₦758.55,₦766.11,₦770.58,₦785.87,₦803.90,₦830.60,₦869.64,₦911.88,₦912.72,₦950.60,₦967.46,₦974.87,"₦1,021.66","₦1,041.82","₦1,047.74","₦1,060.26","₦1,087.09"
Yam tuber,₦210.58,₦215.55,₦255.86,₦250.30,₦279.15,₦292.06,₦294.12,₦343.39,₦259.51,₦223.63,₦212.27,₦211.61,₦226.51,₦230.85,₦254.51,₦279.61,₦291.33,₦285.84,₦280.83,₦292.97,₦280.28,₦252.21,₦239.15,₦212.65,₦211.21,₦206.49,₦200.88,₦222.36,₦216.03,₦182.15,₦170.85,₦190.04,₦190.23,₦179.75,₦203.20,₦206.82,₦193.04,₦189.53,₦206.12,₦230.09,₦236.90,₦250.70,₦256.44,₦256.06,₦245.62,₦242.87,₦236.25,₦233.48,₦234.67,₦242.82,₦244.82,₦252.80,₦269.98,₦287.54,₦308.72,₦305.48,₦306.87,₦313.05,₦327.53,₦328.75,₦331.24,₦339.76,₦353.56,₦361.20,₦372.23,₦384.48